{
	"id": "minion_armorsmith",
	"name": "Armorsmith",
	"baseManaCost": 2,
	"type": "MINION",
	"baseAttack": 1,
	"baseHp": 4,
	"heroClass": "WARRIOR",
	"rarity": "RARE",
	"description": "Whenever a friendly minion takes damage, gain 1 Armor.",
	"trigger": {
		"eventTrigger": {
			"class": "DamageReceivedTrigger",
			"targetPlayer": "SELF",
			"targetEntityType": "MINION"
		},
		"spell": {
			"class": "BuffHeroSpell",
			"target": "FRIENDLY_HERO",
			"armorBonus": 1
		}
	},
	"collectible": true,
	"set": "CLASSIC",
	"fileFormatVersion": 1
}