{
	"id": "minion_cruel_taskmaster",
	"name": "Cruel Taskmaster",
	"baseManaCost": 2,
	"type": "MINION",
	"baseAttack": 2,
	"baseHp": 2,
	"heroClass": "WARRIOR",
	"rarity": "COMMON",
	"description": "Battlecry: Deal 1 damage to a minion and give it +2 Attack.",
	"battlecry": {
		"targetSelection": "MINIONS",
		"spell": {
			"class": "MetaSpell",
			"spells": [
				{
					"class": "BuffSpell",
					"attackBonus": 2
				},
				{
					"class": "DamageSpell",
					"value": 1
				}
			]
		}
	},
	"attributes": {
		"BATTLECRY": true
	},
	"collectible": true,
	"set": "CLASSIC",
	"fileFormatVersion": 1
}