{
	"id": "minion_frothing_berserker",
	"name": "Frothing Berserker",
	"baseManaCost": 3,
	"type": "MINION",
	"baseAttack": 2,
	"baseHp": 4,
	"heroClass": "WARRIOR",
	"rarity": "RARE",
	"description": "Whenever a minion takes damage, gain +1 Attack.",
	"trigger": {
		"eventTrigger": {
			"class": "DamageReceivedTrigger",
			"targetPlayer": "BOTH",
			"targetEntityType": "MINION"
		},
		"spell": {
			"class": "BuffSpell",
			"target": "SELF",
			"attackBonus": 1
		}
	},
	"collectible": true,
	"set": "CLASSIC",
	"fileFormatVersion": 1
}