{
	"id": "minion_grommash_hellscream",
	"name": "Grommash Hellscream",
	"baseManaCost": 8,
	"type": "MINION",
	"baseAttack": 4,
	"baseHp": 9,
	"heroClass": "WARRIOR",
	"rarity": "LEGENDARY",
	"description": "Charge. Enrage: +6 Attack",
	"trigger": {
		"eventTrigger": {
			"class": "EnrageChangedTrigger"
		},
		"spell": {
			"class": "EnrageSpell",
			"target": "SELF",
			"attackBonus": 6
		}
	},
	"attributes": {
		"CHARGE": true,
		"ENRAGABLE": true
	},
	"collectible": true,
	"set": "CLASSIC",
	"fileFormatVersion": 1
}