{
	"id": "secret_noble_sacrifice",
	"name": "Noble Sacrifice",
	"baseManaCost": 1,
	"type": "SPELL",
	"heroClass": "PALADIN",
	"rarity": "COMMON",
	"description": "Secret: When an enemy attacks, summon a 2/1 Defender as the new target.",
	"trigger": {
		"class": "TargetAcquisitionTrigger",
		"actionType": "PHYSICAL_ATTACK",
		"sourcePlayer": "OPPONENT",
		"targetPlayer": "BOTH",
		"queueCondition": {
			"class": "MinionCountCondition",
			"operation": "LESS",
			"value": 7
		},
		"fireCondition": {
			"class": "MinionCountCondition",
			"operation": "LESS",
			"value": 7
		}
	},
	"spell": {
		"class": "SummonNewAttackTargetSpell",
		"card": "token_defender"
	},
	"collectible": true,
	"set": "CLASSIC",
	"fileFormatVersion": 1
}