{
	"id": "secret_eye_for_an_eye",
	"name": "Eye for an Eye",
	"baseManaCost": 1,
	"type": "SPELL",
	"heroClass": "PALADIN",
	"rarity": "COMMON",
	"description": "Secret: When your hero takes damage, deal that much damage to the enemy hero.",
	"trigger": {
		"class": "DamageReceivedTrigger",
		"targetPlayer": "SELF",
		"targetEntityType": "HERO"
	},
	"spell": {
		"class": "DamageSpell",
		"target": "ENEMY_HERO",
		"value": {
			"class": "AttributeValueProvider",
			"target": "FRIENDLY_HERO",
			"attribute": "LAST_HIT"
		}
	},
	"collectible": true,
	"set": "CLASSIC",
	"fileFormatVersion": 1
}