{
	"id": "spell_wild_growth",
	"name": "Wild Growth",
	"baseManaCost": 2,
	"type": "SPELL",
	"heroClass": "DRUID",
	"rarity": "FREE",
	"description": "Gain an empty Mana Crystal.",
	"targetSelection": "NONE",
	"spell": {
		"class": "EitherOrSpell",
		"spell1": {
			"class": "ReceiveCardSpell",
			"targetPlayer": "SELF",
			"card": "spell_excess_mana"
		},
		"spell2": {
			"class": "ModifyMaxManaSpell",
			"value": 1
		},
		"condition": {
			"class": "ManaMaxedCondition"
		}
	},
	"collectible": true,
	"set": "BASIC",
	"fileFormatVersion": 1
}