{
	"id": "minion_twilight_whelp",
	"name": "Twilight Whelp",
	"baseManaCost": 1,
	"type": "MINION",
	"baseAttack": 2,
	"baseHp": 1,
	"heroClass": "PRIEST",
	"rarity": "COMMON",
	"race": "DRAGON",
	"description": "Battlecry: If you're holding a Dragon, gain +2 Health.",
	"battlecry": {
		"spell": {
			"class": "BuffSpell",
			"target": "SELF",
			"hpBonus": 2
		},
		"condition": {
			"class": "HoldsCardCondition",
			"race": "DRAGON"
		}
	},
	"attributes": {
		"BATTLECRY": true
	},
	"collectible": true,
	"set": "BLACKROCK_MOUNTAIN",
	"fileFormatVersion": 1
}