{
	"id": "minion_core_rager",
	"name": "Core Rager",
	"baseManaCost": 4,
	"type": "MINION",
	"baseAttack": 4,
	"baseHp": 4,
	"heroClass": "HUNTER",
	"rarity": "RARE",
	"race": "BEAST",
	"description": "Battlecry: If your hand is empty, gain +3/+3.",
	"battlecry": {
		"spell": {
			"class": "BuffSpell",
			"target": "SELF",
			"attackBonus": 3,
			"hpBonus": 3
		},
		"condition": {
			"class": "CardCountCondition",
			"operation": "LESS_OR_EQUAL",
			"value": 0
		}
	},
	"attributes": {
		"BATTLECRY": true
	},
	"collectible": true,
	"set": "BLACKROCK_MOUNTAIN",
	"fileFormatVersion": 1
}