{
	"id": "minion_druid_of_the_flame",
	"name": "Druid of the Flame",
	"baseManaCost": 3,
	"type": "MINION",
	"baseAttack": 2,
	"baseHp": 2,
	"heroClass": "DRUID",
	"rarity": "COMMON",
	"description": "Choose One - Transform into a 5/2 minion; or a 2/5 minion.",
	"options": [
		{
			"description": "5/2",
			"spell": {
				"class": "TransformMinionSpell",
				"target": "SELF",
				"card": "token_flame_lion_form"
			}
		},
		{
			"description": "2/5",
			"spell": {
				"class": "TransformMinionSpell",
				"target": "SELF",
				"card": "token_flame_bird_form"
			}
		}
	],
	"bothOptions": {
		"description": "5/5",
		"spell": {
			"class": "TransformMinionSpell",
			"target": "SELF",
			"card": "token_flame_lionbird_form"
		}
	},
	"collectible": true,
	"set": "BLACKROCK_MOUNTAIN",
	"fileFormatVersion": 1
}