{
	"id": "minion_emperor_thaurissan",
	"name": "Emperor Thaurissan",
	"baseManaCost": 6,
	"type": "MINION",
	"baseAttack": 5,
	"baseHp": 5,
	"heroClass": "ANY",
	"rarity": "LEGENDARY",
	"description": "At the end of your turn, reduce the Cost of cards in your hand by (1).",
	"trigger": {
		"eventTrigger": {
			"class": "TurnEndTrigger",
			"targetPlayer": "SELF"
		},
		"spell": {
			"class": "CardCostModifierSpell",
			"target": "FRIENDLY_PLAYER",
			"cardCostModifier": {
				"class": "CardCostModifier",
				"target": "FRIENDLY_HAND",
				"operation": "SUBTRACT",
				"value": 1
			}
		}
	},
	"collectible": true,
	"set": "BLACKROCK_MOUNTAIN",
	"fileFormatVersion": 1
}