{
	"id": "minion_blackwing_corruptor",
	"name": "Blackwing Corruptor",
	"baseManaCost": 5,
	"type": "MINION",
	"baseAttack": 5,
	"baseHp": 4,
	"heroClass": "ANY",
	"rarity": "COMMON",
	"description": "Battlecry: If you're holding a Dragon, deal 3 damage.",
	"battlecry": {
		"targetSelection": "ANY",
		"spell": {
			"class": "DamageSpell",
			"value": 3
		},
		"condition": {
			"class": "HoldsCardCondition",
			"race": "DRAGON"
		}
	},
	"attributes": {
		"BATTLECRY": true
	},
	"collectible": true,
	"set": "BLACKROCK_MOUNTAIN",
	"fileFormatVersion": 1
}