{
	"id": "minion_imp_gang_boss",
	"name": "Imp Gang Boss",
	"baseManaCost": 3,
	"type": "MINION",
	"baseAttack": 2,
	"baseHp": 4,
	"heroClass": "WARLOCK",
	"rarity": "COMMON",
	"race": "DEMON",
	"description": "Whenever this minion takes damage, summon a 1/1 Imp.",
	"trigger": {
		"eventTrigger": {
			"class": "DamageReceivedTrigger",
			"hostTargetType": "IGNORE_OTHER_TARGETS"
		},
		"spell": {
			"class": "SummonSpell",
			"card": "token_imp",
			"boardPositionRelative": "RIGHT"
		}
	},
	"collectible": true,
	"set": "BLACKROCK_MOUNTAIN",
	"fileFormatVersion": 1
}