{
	"id": "minion_dragon_egg",
	"name": "Dragon Egg",
	"baseManaCost": 1,
	"type": "MINION",
	"baseAttack": 0,
	"baseHp": 2,
	"heroClass": "ANY",
	"rarity": "RARE",
	"description": "Whenever this minion takes damage, summon a 2/1 Whelp.",
	"trigger": {
		"eventTrigger": {
			"class": "DamageReceivedTrigger",
			"hostTargetType": "IGNORE_OTHER_TARGETS"
		},
		"spell": {
			"class": "SummonSpell",
			"card": "token_whelp_egg",
			"boardPositionRelative": "RIGHT"
		}
	},
	"collectible": true,
	"set": "BLACKROCK_MOUNTAIN",
	"fileFormatVersion": 1
}