{
	"id": "spell_sacrificial_pact",
	"name": "Sacrificial Pact",
	"baseManaCost": 0,
	"type": "SPELL",
	"heroClass": "WARLOCK",
	"rarity": "FREE",
	"description": "Destroy a Demon. Restore 5 Health to your hero.",
	"targetSelection": "ANY",
	"spell": {
		"class": "MetaSpell",
		"spells": [
			{
				"class": "DestroySpell"
			},
			{
				"class": "HealSpell",
				"target": "FRIENDLY_HERO",
				"value": 5
			}
		],
		"filter": {
			"class": "RaceFilter",
			"race": "DEMON"
		}
	},
	"collectible": true,
	"set": "BASIC",
	"fileFormatVersion": 1
}