{
	"id": "minion_captain_greenskin",
	"name": "Captain Greenskin",
	"baseManaCost": 5,
	"type": "MINION",
	"baseAttack": 5,
	"baseHp": 4,
	"heroClass": "ANY",
	"rarity": "LEGENDARY",
	"race": "PIRATE",
	"description": "Battlecry: Give your weapon +1/+1.",
	"battlecry": {
		"spell": {
			"class": "BuffWeaponSpell",
			"target": "FRIENDLY_WEAPON",
			"attackBonus": 1,
			"hpBonus": 1
		}
	},
	"attributes": {
		"BATTLECRY": true
	},
	"collectible": true,
	"set": "CLASSIC",
	"fileFormatVersion": 1
}