{
	"id": "minion_onyxia",
	"name": "Onyxia",
	"baseManaCost": 9,
	"type": "MINION",
	"baseAttack": 8,
	"baseHp": 8,
	"heroClass": "ANY",
	"rarity": "LEGENDARY",
	"race": "DRAGON",
	"description": "Battlecry: Summon 1/1 Whelps until your side of the battlefield is full.",
	"battlecry": {
		"spell": {
			"class": "MetaSpell",
			"spells": [
				{
					"class": "SummonSpell",
					"card": "token_whelp",
					"boardPositionRelative": "RIGHT"
				},
				{
					"class": "SummonSpell",
					"card": "token_whelp",
					"boardPositionRelative": "LEFT"
				},
				{
					"class": "SummonSpell",
					"card": "token_whelp",
					"boardPositionRelative": "RIGHT"
				},
				{
					"class": "SummonSpell",
					"card": "token_whelp",
					"boardPositionRelative": "LEFT"
				},
				{
					"class": "SummonSpell",
					"card": "token_whelp",
					"boardPositionRelative": "RIGHT"
				},
				{
					"class": "SummonSpell",
					"card": "token_whelp",
					"boardPositionRelative": "LEFT"
				}
			]
		}
	},
	"attributes": {
		"BATTLECRY": true
	},
	"collectible": true,
	"set": "CLASSIC",
	"fileFormatVersion": 1
}