{
	"id": "minion_spiteful_smith",
	"name": "Spiteful Smith",
	"baseManaCost": 5,
	"type": "MINION",
	"baseAttack": 4,
	"baseHp": 6,
	"heroClass": "ANY",
	"rarity": "COMMON",
	"description": "Enrage: Your weapon has +2 Attack.",
	"aura": {
		"class": "EnrageAura",
		"target": "FRIENDLY_WEAPON",
		"applyEffect": {
			"class": "BuffWeaponSpell",
			"attackBonus": 2
		},
		"removeEffect": {
			"class": "BuffWeaponSpell",
			"attackBonus": -2
		}
	},
	"attributes": {
		"ENRAGABLE": true
	},
	"collectible": true,
	"set": "CLASSIC",
	"fileFormatVersion": 1
}