{
	"id": "minion_demolisher",
	"name": "Demolisher",
	"baseManaCost": 3,
	"type": "MINION",
	"baseAttack": 1,
	"baseHp": 4,
	"heroClass": "ANY",
	"rarity": "RARE",
	"race": "MECH",
	"description": "At the start of your turn, deal 2 damage to a random enemy.",
	"trigger": {
		"eventTrigger": {
			"class": "TurnStartTrigger",
			"targetPlayer": "SELF"
		},
		"spell": {
			"class": "MissilesSpell",
			"target": "ENEMY_CHARACTERS",
			"value": 2,
			"howMany": 1
		}
	},
	"collectible": true,
	"set": "CLASSIC",
	"fileFormatVersion": 1
}