{
	"id": "minion_king_mukla",
	"name": "King Mukla",
	"baseManaCost": 3,
	"type": "MINION",
	"baseAttack": 5,
	"baseHp": 5,
	"heroClass": "ANY",
	"rarity": "LEGENDARY",
	"race": "BEAST",
	"description": "Battlecry: Give your opponent 2 Bananas.",
	"battlecry": {
		"spell": {
			"class": "ReceiveCardSpell",
			"targetPlayer": "OPPONENT",
			"cards": [
				"spell_bananas",
				"spell_bananas"
			]
		}
	},
	"attributes": {
		"BATTLECRY": true
	},
	"collectible": true,
	"set": "CLASSIC",
	"fileFormatVersion": 1
}