{
	"id": "minion_alarm-o-bot",
	"name": "Alarm-o-bot",
	"baseManaCost": 3,
	"type": "MINION",
	"baseAttack": 0,
	"baseHp": 3,
	"heroClass": "ANY",
	"rarity": "RARE",
	"race": "MECH",
	"description": "At the start of your turn, swap this minion with a random one in your hand.",
	"trigger": {
		"eventTrigger": {
			"class": "TurnStartTrigger",
			"targetPlayer": "SELF",
			"queueCondition": {
				"class": "HoldsCardCondition",
				"cardType": "MINION"
			}
		},
		"spell": {
			"class": "custom.AlarmOBotSpell",
			"target": "SELF"
		}
	},
	"collectible": true,
	"set": "CLASSIC",
	"fileFormatVersion": 1
}