{
	"id": "minion_knife_juggler",
	"name": "Knife Juggler",
	"baseManaCost": 2,
	"type": "MINION",
	"baseAttack": 2,
	"baseHp": 2,
	"heroClass": "ANY",
	"rarity": "RARE",
	"description": "After you summon a minion, deal 1 damage to a random enemy.",
	"trigger": {
		"eventTrigger": {
			"class": "MinionSummonedTrigger",
			"targetPlayer": "SELF"
		},
		"spell": {
			"class": "MissilesSpell",
			"target": "ENEMY_CHARACTERS",
			"value": 1,
			"howMany": 1,
			"randomTarget": true
		}
	},
	"collectible": true,
	"set": "CLASSIC",
	"fileFormatVersion": 1
}