{
	"id": "minion_the_black_knight",
	"name": "The Black Knight",
	"baseManaCost": 6,
	"type": "MINION",
	"baseAttack": 4,
	"baseHp": 5,
	"heroClass": "ANY",
	"rarity": "LEGENDARY",
	"description": "Battlecry: Destroy an enemy minion with Taunt.",
	"battlecry": {
		"targetSelection": "ENEMY_MINIONS",
		"spell": {
			"class": "DestroySpell",
			"filter": {
				"class": "AttributeFilter",
				"attribute": "TAUNT",
				"operation": "HAS"
			}
		}
	},
	"attributes": {
		"BATTLECRY": true
	},
	"collectible": true,
	"set": "CLASSIC",
	"fileFormatVersion": 1
}