{
	"id": "minion_nat_pagle",
	"name": "Nat Pagle",
	"baseManaCost": 2,
	"type": "MINION",
	"baseAttack": 0,
	"baseHp": 4,
	"heroClass": "ANY",
	"rarity": "LEGENDARY",
	"description": "At the start of your turn, you have a 50% chance to draw an extra card.",
	"trigger": {
		"eventTrigger": {
			"class": "TurnStartTrigger",
			"targetPlayer": "SELF"
		},
		"spell": {
			"class": "DrawCardSpell",
			"value": {
				"class": "ConditionalValueProvider",
				"ifTrue": 1,
				"ifFalse": 0,
				"condition": {
					"class": "RandomCondition"
				}
			}
		}
	},
	"collectible": true,
	"set": "CLASSIC",
	"fileFormatVersion": 1
}