{
	"id": "minion_raging_worgen",
	"name": "Raging Worgen",
	"baseManaCost": 3,
	"type": "MINION",
	"baseAttack": 3,
	"baseHp": 3,
	"heroClass": "ANY",
	"rarity": "COMMON",
	"description": "Enrage: Windfury and +1 Attack",
	"trigger": {
		"eventTrigger": {
			"class": "EnrageChangedTrigger"
		},
		"spell": {
			"class": "EnrageSpell",
			"target": "SELF",
			"attribute": "WINDFURY",
			"attackBonus": 1
		}
	},
	"attributes": {
		"ENRAGABLE": true
	},
	"collectible": true,
	"set": "CLASSIC",
	"fileFormatVersion": 1
}