{
	"id": "minion_questing_adventurer",
	"name": "Questing Adventurer",
	"baseManaCost": 3,
	"type": "MINION",
	"baseAttack": 2,
	"baseHp": 2,
	"heroClass": "ANY",
	"rarity": "RARE",
	"description": "Whenever you play a card, gain +1/+1.",
	"trigger": {
		"eventTrigger": {
			"class": "CardPlayedTrigger",
			"targetPlayer": "SELF"
		},
		"spell": {
			"class": "BuffSpell",
			"target": "SELF",
			"attackBonus": 1,
			"hpBonus": 1
		}
	},
	"collectible": true,
	"set": "CLASSIC",
	"fileFormatVersion": 1
}