{
	"id": "minion_tauren_warrior",
	"name": "Tauren Warrior",
	"baseManaCost": 3,
	"type": "MINION",
	"baseAttack": 2,
	"baseHp": 3,
	"heroClass": "ANY",
	"rarity": "COMMON",
	"description": "Taunt. Enrage: +3 Attack",
	"trigger": {
		"eventTrigger": {
			"class": "EnrageChangedTrigger"
		},
		"spell": {
			"class": "EnrageSpell",
			"target": "SELF",
			"attackBonus": 3
		}
	},
	"attributes": {
		"ENRAGABLE": true,
		"TAUNT": true
	},
	"collectible": true,
	"set": "CLASSIC",
	"fileFormatVersion": 1
}