{
	"id": "minion_coldlight_seer",
	"name": "Coldlight Seer",
	"baseManaCost": 3,
	"type": "MINION",
	"baseAttack": 2,
	"baseHp": 3,
	"heroClass": "ANY",
	"rarity": "RARE",
	"race": "MURLOC",
	"description": "Battlecry: Give ALL other Murlocs +2 Health.",
	"battlecry": {
		"spell": {
			"class": "BuffSpell",
			"target": "ALL_OTHER_MINIONS",
			"hpBonus": 2,
			"filter": {
				"class": "RaceFilter",
				"race": "MURLOC"
			}
		}
	},
	"attributes": {
		"BATTLECRY": true
	},
	"collectible": true,
	"set": "CLASSIC",
	"fileFormatVersion": 1
}