{
	"id": "minion_pint-sized_summoner",
	"name": "Pint-Sized Summoner",
	"baseManaCost": 2,
	"type": "MINION",
	"baseAttack": 2,
	"baseHp": 2,
	"heroClass": "ANY",
	"rarity": "RARE",
	"description": "The first minion you play each turn costs (1) less.",
	"cardCostModifier": {
		"class": "ToggleCostModifier",
		"cardType": "MINION",
		"targetPlayer": "SELF",
		"value": -1,
		"toggleOnTrigger": {
			"class": "TurnStartTrigger"
		},
		"toggleOffTrigger": {
			"class": "CardPlayedTrigger",
			"cardType": "MINION",
			"targetPlayer": "SELF"
		}
	},
	"collectible": true,
	"set": "CLASSIC",
	"fileFormatVersion": 1
}