{
	"id": "minion_emperor_cobra",
	"name": "Emperor Cobra",
	"baseManaCost": 3,
	"type": "MINION",
	"baseAttack": 2,
	"baseHp": 3,
	"heroClass": "ANY",
	"rarity": "RARE",
	"race": "BEAST",
	"description": "Destroy any minion damaged by this minion.",
	"trigger": {
		"eventTrigger": {
			"class": "DamageCausedTrigger",
			"targetEntityType": "MINION",
			"hostTargetType": "IGNORE_OTHER_SOURCES"
		},
		"spell": {
			"class": "DestroySpell",
			"target": "EVENT_TARGET"
		}
	},
	"collectible": true,
	"set": "CLASSIC",
	"fileFormatVersion": 1
}