{
	"id": "minion_ysera",
	"name": "Ysera",
	"baseManaCost": 9,
	"type": "MINION",
	"baseAttack": 4,
	"baseHp": 12,
	"heroClass": "ANY",
	"rarity": "LEGENDARY",
	"race": "DRAGON",
	"description": "At the end of your turn, add a Dream Card to your hand.",
	"trigger": {
		"eventTrigger": {
			"class": "TurnEndTrigger",
			"targetPlayer": "SELF"
		},
		"spell": {
			"class": "ReceiveRandomCardSpell",
			"cards": [
				"token_emerald_drake",
				"token_laughing_sister",
				"spell_nightmare",
				"spell_ysera_awakens",
				"spell_dream"
			]
		}
	},
	"collectible": true,
	"set": "CLASSIC",
	"fileFormatVersion": 1
}