{
	"id": "minion_master_swordsmith",
	"name": "Master Swordsmith",
	"baseManaCost": 2,
	"type": "MINION",
	"baseAttack": 1,
	"baseHp": 3,
	"heroClass": "ANY",
	"rarity": "RARE",
	"description": "At the end of your turn, give another random friendly minion +1 Attack.",
	"trigger": {
		"eventTrigger": {
			"class": "TurnEndTrigger",
			"targetPlayer": "SELF"
		},
		"spell": {
			"class": "BuffSpell",
			"target": "OTHER_FRIENDLY_MINIONS",
			"attackBonus": 1,
			"randomTarget": true
		}
	},
	"collectible": true,
	"set": "CLASSIC",
	"fileFormatVersion": 1
}