{
	"id": "minion_bloodsail_corsair",
	"name": "Bloodsail Corsair",
	"baseManaCost": 1,
	"type": "MINION",
	"baseAttack": 1,
	"baseHp": 2,
	"heroClass": "ANY",
	"rarity": "RARE",
	"race": "PIRATE",
	"description": "Battlecry: Remove 1 Durability from your opponent's weapon.",
	"battlecry": {
		"spell": {
			"class": "ModifyDurabilitySpell",
			"targetPlayer": "OPPONENT",
			"value": -1
		}
	},
	"attributes": {
		"BATTLECRY": true
	},
	"collectible": true,
	"set": "CLASSIC",
	"fileFormatVersion": 1
}