{
	"id": "minion_murloc_tidecaller",
	"name": "Murloc Tidecaller",
	"baseManaCost": 1,
	"type": "MINION",
	"baseAttack": 1,
	"baseHp": 2,
	"heroClass": "ANY",
	"rarity": "RARE",
	"race": "MURLOC",
	"description": "Whenever a Murloc is summoned, gain +1 Attack.",
	"trigger": {
		"eventTrigger": {
			"class": "MinionSummonedTrigger",
			"targetPlayer": "BOTH",
			"race": "MURLOC"
		},
		"spell": {
			"class": "BuffSpell",
			"target": "SELF",
			"attackBonus": 1
		}
	},
	"collectible": true,
	"set": "CLASSIC",
	"fileFormatVersion": 1
}