{
	"id": "minion_leeroy_jenkins",
	"name": "Leeroy Jenkins",
	"baseManaCost": 5,
	"type": "MINION",
	"baseAttack": 6,
	"baseHp": 2,
	"heroClass": "ANY",
	"rarity": "LEGENDARY",
	"race": "NONE",
	"description": "Charge. Battlecry: Summon two 1/1 Whelps for your opponent.",
	"battlecry": {
		"spell": {
			"class": "SummonSpell",
			"targetPlayer": "OPPONENT",
			"cards": [
				"token_whelp",
				"token_whelp"
			]
		}
	},
	"attributes": {
		"BATTLECRY": true,
		"CHARGE": true
	},
	"collectible": true,
	"set": "CLASSIC",
	"fileFormatVersion": 1
}