{
	"id": "minion_imp_master",
	"name": "Imp Master",
	"baseManaCost": 3,
	"type": "MINION",
	"baseAttack": 1,
	"baseHp": 5,
	"heroClass": "ANY",
	"rarity": "RARE",
	"description": "At the end of your turn, deal 1 damage to this minion and summon a 1/1 Imp.",
	"trigger": {
		"eventTrigger": {
			"class": "TurnEndTrigger",
			"targetPlayer": "SELF"
		},
		"spell": {
			"class": "MetaSpell",
			"spells": [
				{
					"class": "DamageSpell",
					"target": "SELF",
					"value": 1
				},
				{
					"class": "SummonSpell",
					"card": "token_imp",
					"boardPositionRelative": "RIGHT"
				}
			]
		}
	},
	"collectible": true,
	"set": "CLASSIC",
	"fileFormatVersion": 1
}