{
	"id": "minion_hogger",
	"name": "Hogger",
	"baseManaCost": 6,
	"type": "MINION",
	"baseAttack": 4,
	"baseHp": 4,
	"heroClass": "ANY",
	"rarity": "LEGENDARY",
	"description": "At the end of your turn, summon a 2/2 Gnoll with Taunt.",
	"trigger": {
		"eventTrigger": {
			"class": "TurnEndTrigger",
			"targetPlayer": "SELF"
		},
		"spell": {
			"class": "SummonSpell",
			"card": "token_gnoll",
			"boardPositionRelative": "RIGHT"
		}
	},
	"collectible": true,
	"set": "CLASSIC",
	"fileFormatVersion": 1
}