{
	"id": "minion_mad_bomber",
	"name": "Mad Bomber",
	"baseManaCost": 2,
	"type": "MINION",
	"baseAttack": 3,
	"baseHp": 2,
	"heroClass": "ANY",
	"rarity": "COMMON",
	"description": "Battlecry: Deal 3 damage randomly split between all other characters.",
	"battlecry": {
		"spell": {
			"class": "MissilesSpell",
			"target": "ALL_OTHER_CHARACTERS",
			"value": 1,
			"howMany": 3,
			"randomTarget": true
		}
	},
	"attributes": {
		"BATTLECRY": true
	},
	"collectible": true,
	"set": "CLASSIC",
	"fileFormatVersion": 1
}