{
	"id": "minion_baron_geddon",
	"name": "Baron Geddon",
	"baseManaCost": 7,
	"type": "MINION",
	"baseAttack": 7,
	"baseHp": 5,
	"heroClass": "ANY",
	"rarity": "LEGENDARY",
	"description": "At the end of your turn, deal 2 damage to ALL other characters.",
	"trigger": {
		"eventTrigger": {
			"class": "TurnEndTrigger",
			"targetPlayer": "SELF"
		},
		"spell": {
			"class": "DamageSpell",
			"target": "ALL_OTHER_CHARACTERS",
			"value": 2
		}
	},
	"collectible": true,
	"set": "CLASSIC",
	"fileFormatVersion": 1
}