{
	"id": "minion_houndmaster",
	"name": "Houndmaster",
	"baseManaCost": 4,
	"type": "MINION",
	"baseAttack": 4,
	"baseHp": 3,
	"heroClass": "HUNTER",
	"rarity": "FREE",
	"description": "Battlecry: Give a friendly Beast +2/+2 and Taunt.",
	"battlecry": {
		"targetSelection": "FRIENDLY_MINIONS",
		"spell": {
			"class": "MetaSpell",
			"spells": [
				{
					"class": "BuffSpell",
					"attackBonus": 2,
					"hpBonus": 2
				},
				{
					"class": "AddAttributeSpell",
					"attribute": "TAUNT"
				}
			],
			"filter": {
				"class": "RaceFilter",
				"race": "BEAST"
			}
		}
	},
	"attributes": {
		"BATTLECRY": true
	},
	"collectible": true,
	"set": "BASIC",
	"fileFormatVersion": 1
}