{
	"id": "minion_archmage_antonidas",
	"name": "Archmage Antonidas",
	"baseManaCost": 7,
	"type": "MINION",
	"baseAttack": 5,
	"baseHp": 7,
	"heroClass": "MAGE",
	"rarity": "LEGENDARY",
	"description": "Whenever you cast a spell, put a 'Fireball' spell into your hand.",
	"trigger": {
		"eventTrigger": {
			"class": "SpellCastedTrigger",
			"sourcePlayer": "SELF"
		},
		"spell": {
			"class": "ReceiveCardSpell",
			"card": "spell_fireball"
		}
	},
	"collectible": true,
	"set": "CLASSIC",
	"fileFormatVersion": 1
}