{
	"id": "minion_ethereal_arcanist",
	"name": "Ethereal Arcanist",
	"baseManaCost": 4,
	"type": "MINION",
	"baseAttack": 3,
	"baseHp": 3,
	"heroClass": "MAGE",
	"rarity": "RARE",
	"description": "If you control a Secret at the end of your turn, gain +2/+2.",
	"trigger": {
		"eventTrigger": {
			"class": "TurnEndTrigger",
			"targetPlayer": "SELF",
			"queueCondition": {
				"class": "ControlsSecretCondition"
			}
		},
		"spell": {
			"class": "BuffSpell",
			"target": "SELF",
			"attackBonus": 2,
			"hpBonus": 2
		}
	},
	"collectible": true,
	"set": "CLASSIC",
	"fileFormatVersion": 1
}