{
	"id": "secret_spellbender",
	"name": "Spellbender",
	"baseManaCost": 3,
	"type": "SPELL",
	"heroClass": "MAGE",
	"rarity": "EPIC",
	"description": "Secret: When an enemy casts a spell on a minion, summon a 1/3 as the new target.",
	"trigger": {
		"class": "TargetAcquisitionTrigger",
		"actionType": "SPELL",
		"sourcePlayer": "OPPONENT",
		"targetPlayer": "BOTH",
		"targetEntityType": "MINION",
		"queueCondition": {
			"class": "MinionCountCondition",
			"operation": "LESS",
			"value": 7
		},
		"fireCondition": {
			"class": "MinionCountCondition",
			"operation": "LESS",
			"value": 7
		}
	},
	"spell": {
		"class": "SummonNewAttackTargetSpell",
		"card": "token_spellbender"
	},
	"collectible": true,
	"set": "CLASSIC",
	"fileFormatVersion": 1
}