{
	"id": "hero_power_dagger_mastery",
	"name": "Dagger Mastery",
	"baseManaCost": 2,
	"type": "HERO_POWER",
	"heroClass": "ROGUE",
	"rarity": "FREE",
	"description": "Equip a 1/2 Dagger.",
	"targetSelection": "NONE",
	"spell": {
		"class": "ConditionalSpell",
		"spell": {
			"class": "EquipWeaponSpell",
			"card": "weapon_wicked_knife"
		},
		"condition": {
			"class": "HasWeaponCondition",
			"cardId": "weapon_poisoned_blade",
			"invert": "true"
		}
	},
	"collectible": true,
	"set": "BASIC",
	"fileFormatVersion": 1
}