{
	"id": "spell_ancestral_healing",
	"name": "Ancestral Healing",
	"baseManaCost": 0,
	"type": "SPELL",
	"heroClass": "SHAMAN",
	"rarity": "FREE",
	"description": "Restore a minion to full Health and give it Taunt.",
	"targetSelection": "MINIONS",
	"spell": {
		"class": "MetaSpell",
		"spells": [
			{
				"class": "HealSpell",
				"value": {
					"class": "AttributeValueProvider",
					"attribute": "MAX_HP"
				}
			},
			{
				"class": "AddAttributeSpell",
				"attribute": "TAUNT"
			}
		]
	},
	"collectible": true,
	"set": "BASIC",
	"fileFormatVersion": 1
}