{
	"id": "token_healing_totem",
	"name": "Healing Totem",
	"baseManaCost": 1,
	"type": "MINION",
	"baseAttack": 0,
	"baseHp": 2,
	"heroClass": "SHAMAN",
	"rarity": "FREE",
	"race": "TOTEM",
	"description": "At the end of your turn, restore 1 Health to all friendly minions.",
	"trigger": {
		"eventTrigger": {
			"class": "TurnEndTrigger",
			"targetPlayer": "SELF"
		},
		"spell": {
			"class": "HealSpell",
			"target": "FRIENDLY_MINIONS",
			"value": 1
		}
	},
	"collectible": false,
	"set": "BASIC",
	"fileFormatVersion": 1
}