{
	"id": "minion_unbound_elemental",
	"name": "Unbound Elemental",
	"baseManaCost": 3,
	"type": "MINION",
	"baseAttack": 2,
	"baseHp": 4,
	"heroClass": "SHAMAN",
	"rarity": "COMMON",
	"description": "Whenever you play a card with Overload, gain +1/+1.",
	"trigger": {
		"eventTrigger": {
			"class": "CardPlayedTrigger",
			"targetPlayer": "SELF",
			"requiredAttribute": "OVERLOAD"
		},
		"spell": {
			"class": "BuffSpell",
			"target": "SELF",
			"attackBonus": 1,
			"hpBonus": 1
		}
	},
	"collectible": true,
	"set": "CLASSIC",
	"fileFormatVersion": 1
}