{
	"id": "weapon_doomhammer",
	"name": "Doomhammer",
	"baseManaCost": 5,
	"type": "WEAPON",
	"damage": 2,
	"durability": 8,
	"heroClass": "SHAMAN",
	"rarity": "EPIC",
	"description": "Windfury, Overload: (2)",
	"onEquip": {
		"class": "AddAttributeSpell",
		"target": "FRIENDLY_HERO",
		"attribute": "WINDFURY"
	},
	"onUnequip": {
		"class": "RemoveAttributeSpell",
		"target": "FRIENDLY_HERO",
		"attribute": "WINDFURY"
	},
	"attributes": {
		"OVERLOAD": 2
	},
	"collectible": true,
	"set": "CLASSIC",
	"fileFormatVersion": 1
}