{
	"id": "secret_misdirection",
	"name": "Misdirection",
	"baseManaCost": 2,
	"type": "SPELL",
	"heroClass": "HUNTER",
	"rarity": "RARE",
	"description": "Secret: When a character attacks your hero, instead he attacks another random character.",
	"trigger": {
		"class": "TargetAcquisitionTrigger",
		"actionType": "PHYSICAL_ATTACK",
		"sourcePlayer": "BOTH",
		"targetPlayer": "OPPONENT",
		"targetEntityType": "HERO",
		"fireCondition": {
			"class": "MinionCountCondition",
			"targetPlayer": "BOTH",
			"operation": "GREATER",
			"value": 0
		}
	},
	"spell": {
		"class": "MisdirectSpell",
		"target": "EVENT_TARGET"
	},
	"collectible": true,
	"set": "CLASSIC",
	"fileFormatVersion": 1
}