{
	"id": "secret_freezing_trap",
	"name": "Freezing Trap",
	"baseManaCost": 2,
	"type": "SPELL",
	"heroClass": "HUNTER",
	"rarity": "COMMON",
	"description": "Secret: When an enemy minion attacks, return it to its owner's hand and it costs (2) more.",
	"trigger": {
		"class": "PhysicalAttackTrigger",
		"sourcePlayer": "OPPONENT",
		"sourceEntityType": "MINION",
		"fireCondition": {
			"class": "IsDeadCondition",
			"target": "ATTACKER",
			"invert": true
		}
	},
	"spell": {
		"class": "ReturnMinionToHandSpell",
		"target": "ATTACKER",
		"spell": {
			"class": "CardCostModifierSpell",
			"target": "FRIENDLY_PLAYER",
			"cardCostModifier": {
				"targetPlayer": "OPPONENT",
				"class": "CardCostModifier",
				"target": "EVENT_CARD",
				"operation": "ADD",
				"value": 2
			}
		}
	},
	"collectible": true,
	"set": "CLASSIC",
	"fileFormatVersion": 1
}