{
	"id": "secret_snake_trap",
	"name": "Snake Trap",
	"baseManaCost": 2,
	"type": "SPELL",
	"heroClass": "HUNTER",
	"rarity": "EPIC",
	"description": "Secret: When one of your minions is attacked, summon three 1/1 Snakes.",
	"trigger": {
		"class": "PhysicalAttackTrigger",
		"targetPlayer": "SELF",
		"targetEntityType": "MINION"
	},
	"spell": {
		"class": "SummonSpell",
		"cards": [
			"token_snake",
			"token_snake",
			"token_snake"
		]
	},
	"collectible": true,
	"set": "CLASSIC",
	"fileFormatVersion": 1
}