{
	"id": "secret_explosive_trap",
	"name": "Explosive Trap",
	"baseManaCost": 2,
	"type": "SPELL",
	"heroClass": "HUNTER",
	"rarity": "COMMON",
	"description": "Secret: When your hero is attacked, deal 2 damage to all enemies.",
	"trigger": {
		"class": "PhysicalAttackTrigger",
		"sourcePlayer": "BOTH",
		"targetPlayer": "SELF",
		"targetEntityType": "HERO"
	},
	"spell": {
		"class": "DamageSpell",
		"target": "ENEMY_CHARACTERS",
		"value": 2
	},
	"collectible": true,
	"set": "CLASSIC",
	"fileFormatVersion": 1
}