{
	"id": "spell_flare",
	"name": "Flare",
	"baseManaCost": 2,
	"type": "SPELL",
	"heroClass": "HUNTER",
	"rarity": "RARE",
	"description": "All minions lose Stealth. Destroy all enemy Secrets. Draw a card.",
	"targetSelection": "NONE",
	"spell": {
		"class": "MetaSpell",
		"spells": [
			{
				"class": "RemoveAttributeSpell",
				"target": "ALL_MINIONS",
				"attribute": "STEALTH"
			},
			{
				"class": "DestroySecretsSpell",
				"targetPlayer": "OPPONENT"
			},
			{
				"class": "DrawCardSpell",
				"value": 1
			}
		]
	},
	"collectible": true,
	"set": "CLASSIC",
	"fileFormatVersion": 1
}