{
	"id": "minion_water_elemental",
	"name": "Water Elemental",
	"baseManaCost": 4,
	"type": "MINION",
	"baseAttack": 3,
	"baseHp": 6,
	"heroClass": "MAGE",
	"rarity": "FREE",
	"description": "Freeze any character damaged by this minion.",
	"trigger": {
		"eventTrigger": {
			"class": "DamageCausedTrigger",
			"hostTargetType": "IGNORE_OTHER_SOURCES"
		},
		"spell": {
			"class": "AddAttributeSpell",
			"target": "EVENT_TARGET",
			"attribute": "FROZEN"
		}
	},
	"collectible": true,
	"set": "BASIC",
	"fileFormatVersion": 1
}