{
	"id": "minion_ancient_of_war",
	"name": "Ancient of War",
	"baseManaCost": 7,
	"type": "MINION",
	"baseAttack": 5,
	"baseHp": 5,
	"heroClass": "DRUID",
	"rarity": "EPIC",
	"description": "Choose One - +5 Attack; or +5 Health and Taunt.",
	"options": [
		{
			"description": "+5 Attack",
			"spell": {
				"class": "BuffSpell",
				"target": "SELF",
				"attackBonus": 5
			}
		},
		{
			"description": "+5 Health/Taunt",
			"spell": {
				"class": "MetaSpell",
				"spells": [
					{
						"class": "BuffSpell",
						"target": "SELF",
						"hpBonus": 5
					},
					{
						"class": "AddAttributeSpell",
						"target": "SELF",
						"attribute": "TAUNT"
					}
				]
			}
		}
	],
	"bothOptions": {
		"description": "+5/+5 and Taunt",
		"spell": {
			"class": "MetaSpell",
			"spells": [
				{
					"class": "BuffSpell",
					"target": "SELF",
					"value": 5
				},
				{
					"class": "AddAttributeSpell",
					"target": "SELF",
					"attribute": "TAUNT"
				}
			]
		}
	},
	"collectible": true,
	"set": "CLASSIC",
	"fileFormatVersion": 1
}