{
	"id": "spell_demonfire",
	"name": "Demonfire",
	"baseManaCost": 2,
	"type": "SPELL",
	"heroClass": "WARLOCK",
	"rarity": "COMMON",
	"description": "Deal 2 damage to a minion. If it's a friendly Demon, give it +2/+2 instead.",
	"targetSelection": "MINIONS",
	"spell": {
		"class": "EitherOrSpell",
		"spell1": {
			"class": "BuffSpell",
			"attackBonus": 2,
			"hpBonus": 2
		},
		"spell2": {
			"class": "DamageSpell",
			"value": 2
		},
		"condition": {
			"class": "AndCondition",
			"conditions": [
				{
					"class": "OwnedByPlayerCondition",
					"targetPlayer": "SELF"
				},
				{
					"class": "RaceCondition",
					"race": "DEMON"
				}
			]
		}
	},
	"collectible": true,
	"set": "CLASSIC",
	"fileFormatVersion": 1
}