{
	"id": "spell_power_overwhelming",
	"name": "Power Overwhelming",
	"baseManaCost": 1,
	"type": "SPELL",
	"heroClass": "WARLOCK",
	"rarity": "COMMON",
	"description": "Give a friendly minion +4/+4 until end of turn. Then, it dies. Horribly.",
	"targetSelection": "FRIENDLY_MINIONS",
	"spell": {
		"class": "MetaSpell",
		"spells": [
			{
				"class": "BuffSpell",
				"attackBonus": 4,
				"hpBonus": 4
			},
			{
				"class": "AddSpellTriggerSpell",
				"trigger": {
					"eventTrigger": {
						"class": "TurnEndTrigger",
						"targetPlayer": "SELF"
					},
					"spell": {
						"class": "DestroySpell",
						"target": "SELF"
					}
				}
			}
		]
	},
	"collectible": true,
	"set": "CLASSIC",
	"fileFormatVersion": 1
}