{
	"id": "minion_defias_ringleader",
	"name": "Defias Ringleader",
	"baseManaCost": 2,
	"type": "MINION",
	"baseAttack": 2,
	"baseHp": 2,
	"heroClass": "ROGUE",
	"rarity": "COMMON",
	"description": "Combo: Summon a 2/1 Defias Bandit.",
	"battlecry": {
		"spell": {
			"class": "SummonSpell",
			"card": "token_defias_bandit",
			"boardPositionRelative": "RIGHT"
		},
		"condition": {
			"class": "ComboCondition"
		}
	},
	"attributes": {
		"COMBO": true
	},
	"collectible": true,
	"set": "CLASSIC",
	"fileFormatVersion": 1
}