{
	"id": "minion_master_of_disguise",
	"name": "Master of Disguise",
	"baseManaCost": 4,
	"type": "MINION",
	"baseAttack": 4,
	"baseHp": 4,
	"heroClass": "ROGUE",
	"rarity": "RARE",
	"description": "Battlecry: Give a friendly minion Stealth until your next turn.",
	"battlecry": {
		"targetSelection": "FRIENDLY_MINIONS",
		"spell": {
			"class": "AddAttributeSpell",
			"attribute": "STEALTH",
			"revertTrigger": {
				"class": "TurnStartTrigger",
				"targetPlayer": "SELF"
			}
		}
	},
	"attributes": {
		"BATTLECRY": true
	},
	"collectible": true,
	"set": "CLASSIC",
	"fileFormatVersion": 1
}