{
	"id": "spell_shadowstep",
	"name": "Shadowstep",
	"baseManaCost": 0,
	"type": "SPELL",
	"heroClass": "ROGUE",
	"rarity": "COMMON",
	"description": "Return a friendly minion to your hand. It costs (2) less.",
	"targetSelection": "FRIENDLY_MINIONS",
	"spell": {
		"class": "ReturnMinionToHandSpell",
		"spell": {
			"class": "CardCostModifierSpell",
			"target": "FRIENDLY_PLAYER",
			"cardCostModifier": {
				"class": "CardCostModifier",
				"target": "EVENT_CARD",
				"operation": "SUBTRACT",
				"value": 2
			}
		}
	},
	"collectible": true,
	"set": "CLASSIC",
	"fileFormatVersion": 1
}