{
	"id": "spell_blade_flurry",
	"name": "Blade Flurry",
	"baseManaCost": 4,
	"type": "SPELL",
	"heroClass": "ROGUE",
	"rarity": "RARE",
	"description": "Destroy your weapon and deal its damage to all enemy minions.",
	"targetSelection": "NONE",
	"spell": {
		"class": "MetaSpell",
		"spells": [
			{
				"class": "DamageSpell",
				"target": "ENEMY_MINIONS",
				"value": {
					"class": "AttributeValueProvider",
					"target": "FRIENDLY_WEAPON",
					"attribute": "ATTACK"
				}
			},
			{
				"class": "DestroySpell",
				"target": "FRIENDLY_WEAPON"
			}
		]
	},
	"condition": {
		"class": "HasWeaponCondition"
	},
	"collectible": true,
	"set": "CLASSIC",
	"fileFormatVersion": 1
}