{
	"id": "spell_preparation",
	"name": "Preparation",
	"baseManaCost": 0,
	"type": "SPELL",
	"heroClass": "ROGUE",
	"rarity": "EPIC",
	"description": "The next spell you cast this turn costs (3) less.",
	"targetSelection": "NONE",
	"spell": {
		"class": "CardCostModifierSpell",
		"target": "FRIENDLY_PLAYER",
		"cardCostModifier": {
			"class": "OneTurnCostModifier",
			"cardType": "SPELL",
			"operation": "SUBTRACT",
			"value": 3,
			"expirationTrigger": {
				"class": "CardPlayedTrigger",
				"cardType": "SPELL",
				"targetPlayer": "SELF"
			}
		}
	},
	"collectible": true,
	"set": "CLASSIC",
	"fileFormatVersion": 1
}