{
	"id": "spell_conceal",
	"name": "Conceal",
	"baseManaCost": 1,
	"type": "SPELL",
	"heroClass": "ROGUE",
	"rarity": "COMMON",
	"description": "Give your minions Stealth until your next turn.",
	"targetSelection": "NONE",
	"spell": {
		"class": "AddAttributeSpell",
		"target": "FRIENDLY_MINIONS",
		"attribute": "STEALTH",
		"filter": {
			"class": "AttributeFilter",
			"attribute": "STEALTH",
			"operation": "HAS",
			"invert": true
		},
		"revertTrigger": {
			"class": "TurnStartTrigger",
			"targetPlayer": "SELF"
		}
	},
	"collectible": true,
	"set": "CLASSIC",
	"fileFormatVersion": 1
}