{
	"id": "minion_gurubashi_berserker",
	"name": "Gurubashi Berserker",
	"baseManaCost": 5,
	"type": "MINION",
	"baseAttack": 2,
	"baseHp": 7,
	"heroClass": "ANY",
	"rarity": "FREE",
	"description": "Whenever this minion takes damage, gain +3 Attack.",
	"trigger": {
		"eventTrigger": {
			"class": "DamageReceivedTrigger",
			"hostTargetType": "IGNORE_OTHER_TARGETS"
		},
		"spell": {
			"class": "BuffSpell",
			"target": "SELF",
			"attackBonus": 3
		}
	},
	"collectible": true,
	"set": "BASIC",
	"fileFormatVersion": 1
}