{
	"id": "minion_cabal_shadow_priest",
	"name": "Cabal Shadow Priest",
	"baseManaCost": 6,
	"type": "MINION",
	"baseAttack": 4,
	"baseHp": 5,
	"heroClass": "PRIEST",
	"rarity": "EPIC",
	"description": "Battlecry: Take control of an enemy minion that has 2 or less Attack.",
	"battlecry": {
		"targetSelection": "ENEMY_MINIONS",
		"spell": {
			"class": "MindControlSpell",
			"filter": {
				"class": "AttributeFilter",
				"attribute": "ATTACK",
				"operation": "LESS_OR_EQUAL",
				"value": 2
			}
		}
	},
	"attributes": {
		"BATTLECRY": true
	},
	"collectible": true,
	"set": "CLASSIC",
	"fileFormatVersion": 1
}