{
	"id": "spell_shadowform",
	"name": "Shadowform",
	"baseManaCost": 3,
	"type": "SPELL",
	"heroClass": "PRIEST",
	"rarity": "EPIC",
	"description": "Your Hero Power becomes 'Deal 2 damage'. If already in Shadowform: 3 damage.",
	"targetSelection": "NONE",
	"spell": {
		"class": "EitherOrSpell",
		"targetPlayer": "SELF",
		"spell1": {
			"class": "ConditionalSpell",
			"spell": {
				"class": "ChangeHeroPowerSpell",
				"card": "hero_power_mind_shatter"
			},
			"condition": {
				"class": "HasHeroPowerCondition",
				"cardId": "hero_power_mind_shatter",
				"invert": true
			}
		},
		"spell2": {
			"class": "MetaSpell",
			"spells": [
				{
					"class": "AddAttributeSpell",
					"target": "FRIENDLY_HERO",
					"attribute": "SHADOWFORM"
				},
				{
					"class": "ChangeHeroPowerSpell",
					"card": "hero_power_mind_spike"
				}
			]
		},
		"condition": {
			"class": "AttributeCondition",
			"target": "FRIENDLY_HERO",
			"attribute": "SHADOWFORM",
			"operation": "HAS"
		}
	},
	"collectible": true,
	"set": "CLASSIC",
	"fileFormatVersion": 1
}