{
	"id": "spell_mindgames",
	"name": "Mindgames",
	"baseManaCost": 4,
	"type": "SPELL",
	"heroClass": "PRIEST",
	"rarity": "EPIC",
	"description": "Put a copy of a random minion from your opponent's deck into the battlefield.",
	"targetSelection": "NONE",
	"spell": {
		"class": "SummonRandomMinionFilteredSpell",
		"card": "token_shadow_of_nothing",
		"cardFilter": {
			"class": "InDeckFilter",
			"targetPlayer": "OPPONENT"
		}
	},
	"collectible": true,
	"set": "CLASSIC",
	"fileFormatVersion": 1
}